student_id,programme,entry_cohort,entry_score,study_mode,age_at_entry,first_generation
100001,Biology,2026,62.3,Full-time,22,False
100002,Biology,2026,62.7,Part-time,34,False
100003,Economics,2026,73.8,Full-time,20,True
100004,Computer Science,2025,62.7,Full-time,23,False
100005,Computer Science,2024,51.8,Part-time,30,False
100006,Computer Science,2026,48.4,Full-time,19,False
100007,Computer Science,2026,69.5,Full-time,20,True
100008,Economics,2024,54.3,Full-time,21,True
100009,Computer Science,2026,67.4,Full-time,21,False
100010,Psychology,2025,81.0,Full-time,20,False
100011,Biology,2024,56.7,Full-time,17,False
100012,Psychology,2025,61.1,Full-time,17,True
100013,Computer Science,2025,63.0,Full-time,20,False
100014,Economics,2025,70.9,Full-time,22,False
100015,Economics,2024,76.6,Full-time,19,False
100016,Economics,2025,48.9,Full-time,18,False
100017,Biology,2024,75.3,Full-time,21,False
100018,Biology,2026,75.0,Full-time,21,False
100019,Computer Science,2024,60.4,Full-time,23,False
100020,Computer Science,2026,77.1,Full-time,19,True
100021,Biology,2025,71.1,Full-time,22,False
100022,Economics,2025,61.6,Full-time,22,True
100023,Computer Science,2024,54.4,Part-time,30,False
100024,Computer Science,2025,51.2,Part-time,24,False
100025,Biology,2026,56.5,Part-time,22,False
100026,Computer Science,2026,68.5,Full-time,19,False
100027,Computer Science,2024,40.9,Full-time,22,True
100028,Economics,2025,43.4,Part-time,23,False
100029,Psychology,2026,68.1,Full-time,21,False
100030,Psychology,2025,59.1,Full-time,18,False
100031,Psychology,2026,53.6,Full-time,20,False
100032,Economics,2026,72.4,Full-time,20,False
100033,Biology,2024,53.8,Full-time,21,True
100034,Computer Science,2026,64.0,Full-time,20,True
100035,Biology,2025,55.4,Part-time,27,False
100036,Computer Science,2024,79.4,Part-time,24,False
100037,Psychology,2024,60.6,Full-time,19,False
100038,Psychology,2025,68.8,Full-time,20,False
100039,Economics,2025,49.1,Full-time,20,False
100040,Economics,2026,69.6,Full-time,20,True
100041,Economics,2025,53.1,Full-time,20,False
100042,Computer Science,2024,79.1,Full-time,20,False
100043,Biology,2024,70.0,Full-time,19,False
100044,Economics,2026,56.0,Part-time,30,True
100045,Economics,2026,45.7,Full-time,19,True
100046,Biology,2025,65.8,Full-time,21,False
100047,Computer Science,2026,73.0,Full-time,19,False
100048,Computer Science,2026,65.9,Full-time,20,False
100049,Computer Science,2025,72.2,Full-time,20,False
100050,Biology,2024,56.0,Full-time,19,True
100051,Psychology,2025,85.7,Part-time,26,False
100052,Computer Science,2025,63.7,Full-time,22,False
100053,Psychology,2024,71.6,Full-time,23,True
100054,Economics,2025,57.4,Full-time,18,False
100055,Biology,2025,61.1,Part-time,33,False
100056,Biology,2025,60.1,Part-time,34,False
100057,Computer Science,2024,66.6,Full-time,19,True
100058,Computer Science,2025,63.8,Part-time,28,False
100059,Psychology,2026,90.2,Full-time,23,False
100060,Psychology,2026,85.2,Full-time,20,False
100061,Economics,2024,58.2,Full-time,20,False
100062,Biology,2024,59.0,Full-time,19,False
100063,Psychology,2026,68.1,Full-time,18,True
100064,Computer Science,2024,47.6,Full-time,17,False
100065,Computer Science,2024,75.7,Full-time,20,False
100066,Computer Science,2026,65.6,Full-time,20,False
100067,Psychology,2024,62.3,Full-time,20,True
100068,Computer Science,2024,90.3,Full-time,19,True
100069,Economics,2026,62.0,Full-time,21,False
100070,Biology,2025,64.7,Full-time,21,False
100071,Biology,2026,79.7,Part-time,31,False
100072,Economics,2024,65.8,Full-time,18,False
100073,Psychology,2025,71.4,Full-time,22,False
100074,Psychology,2025,58.8,Full-time,21,False
100075,Economics,2025,65.6,Full-time,21,False
100076,Psychology,2025,64.2,Full-time,17,False
100077,Psychology,2025,65.0,Full-time,18,False
100078,Computer Science,2026,65.1,Part-time,18,False
100079,Computer Science,2024,60.3,Full-time,18,False
100080,Biology,2024,71.5,Full-time,22,False
100081,Economics,2025,64.6,Full-time,20,True
100082,Biology,2025,55.7,Full-time,20,False
100083,Biology,2026,54.0,Full-time,18,False
100084,Biology,2026,59.6,Full-time,19,False
100085,Biology,2026,56.9,Full-time,19,False
100086,Biology,2026,73.1,Full-time,22,False
100087,Economics,2025,54.5,Full-time,23,False
100088,Psychology,2026,56.9,Full-time,21,True
100089,Biology,2026,66.5,Full-time,18,False
100090,Computer Science,2026,56.0,Full-time,21,True
100091,Psychology,2024,48.9,Full-time,22,False
100092,Biology,2025,62.0,Full-time,17,True
100093,Economics,2025,76.6,Full-time,21,False
100094,Biology,2024,72.1,Full-time,19,False
100095,Biology,2024,67.9,Full-time,21,True
100096,Economics,2024,75.8,Full-time,21,True
100097,Computer Science,2024,73.8,Full-time,24,True
100098,Psychology,2026,50.0,Full-time,20,False
100099,Psychology,2024,79.1,Full-time,19,True
100100,Computer Science,2025,62.1,Full-time,18,False
100101,Computer Science,2026,59.0,Full-time,20,False
100102,Psychology,2025,60.6,Full-time,21,False
100103,Economics,2025,74.0,Full-time,21,True
100104,Economics,2025,61.6,Full-time,20,False
100105,Psychology,2024,94.8,Full-time,19,False
100106,Computer Science,2026,73.0,Full-time,22,False
100107,Computer Science,2026,65.4,Part-time,24,True
100108,Biology,2026,68.4,Full-time,20,True
100109,Biology,2026,75.8,Full-time,21,False
100110,Biology,2024,64.8,Full-time,19,True
100111,Economics,2026,65.1,Full-time,21,False
100112,Psychology,2026,54.1,Full-time,19,True
100113,Computer Science,2026,85.3,Full-time,20,False
100114,Biology,2026,54.6,Full-time,18,True
100115,Psychology,2025,53.3,Full-time,21,False
100116,Economics,2026,70.6,Full-time,17,True
100117,Computer Science,2024,56.9,Full-time,21,False
100118,Biology,2025,54.9,Full-time,22,True
100119,Psychology,2026,51.5,Full-time,21,False
100120,Computer Science,2026,64.8,Full-time,22,False
100121,Psychology,2026,69.4,Full-time,21,True
100122,Biology,2025,72.4,Full-time,18,True
100123,Psychology,2026,71.3,Part-time,25,False
100124,Computer Science,2025,66.4,Full-time,20,True
100125,Biology,2024,84.2,Full-time,17,False
100126,Biology,2024,81.6,Full-time,19,False
100127,Computer Science,2025,69.0,Full-time,17,True
100128,Biology,2026,73.2,Full-time,20,True
100129,Computer Science,2024,76.9,Full-time,18,False
100130,Biology,2024,69.2,Part-time,27,True
100131,Economics,2024,86.3,Full-time,21,True
100132,Economics,2024,65.5,Full-time,20,False
100133,Economics,2025,71.9,Full-time,18,True
100134,Computer Science,2026,81.6,Full-time,22,False
100135,Economics,2024,48.3,Full-time,19,False
100136,Computer Science,2026,57.0,Part-time,29,True
100137,Computer Science,2025,67.5,Full-time,21,False
100138,Computer Science,2025,47.0,Full-time,22,True
100139,Computer Science,2024,53.5,Full-time,22,True
100140,Economics,2026,78.6,Full-time,21,False
100141,Psychology,2026,65.7,Full-time,19,False
100142,Biology,2025,68.0,Full-time,19,False
100143,Economics,2024,59.6,Full-time,20,False
100144,Computer Science,2025,83.1,Full-time,18,False
100145,Computer Science,2024,74.0,Full-time,22,False
100146,Psychology,2025,55.7,Part-time,33,True
100147,Computer Science,2025,52.4,Full-time,20,False
100148,Computer Science,2025,72.9,Full-time,19,False
100149,Economics,2024,68.3,Full-time,21,True
100150,Psychology,2024,73.4,Full-time,18,True
100151,Psychology,2024,46.9,Full-time,20,False
100152,Biology,2024,73.2,Full-time,17,False
100153,Computer Science,2024,54.2,Full-time,19,False
100154,Biology,2025,53.1,Part-time,26,True
100155,Economics,2025,68.3,Full-time,20,True
100156,Computer Science,2024,70.4,Full-time,18,False
100157,Biology,2026,48.2,Full-time,19,True
100158,Biology,2024,71.3,Full-time,18,False
100159,Economics,2024,70.5,Full-time,19,True
100160,Psychology,2024,68.6,Full-time,21,False
100161,Computer Science,2026,77.0,Full-time,19,True
100162,Computer Science,2025,46.9,Full-time,21,False
100163,Economics,2024,55.3,Full-time,18,False
100164,Computer Science,2026,69.9,Full-time,19,False
100165,Computer Science,2025,87.0,Full-time,20,False
100166,Biology,2024,49.6,Full-time,20,True
100167,Economics,2026,61.7,Full-time,18,True
100168,Computer Science,2025,66.8,Full-time,17,True
100169,Psychology,2026,74.5,Full-time,18,True
100170,Biology,2024,70.9,Full-time,20,False
100171,Computer Science,2025,67.4,Full-time,20,True
100172,Biology,2024,53.8,Part-time,26,False
100173,Economics,2025,60.2,Full-time,21,False
100174,Economics,2026,74.0,Full-time,20,False
100175,Economics,2024,73.7,Part-time,23,False
100176,Computer Science,2026,64.3,Full-time,21,False
100177,Computer Science,2026,49.3,Full-time,19,False
100178,Economics,2026,62.8,Full-time,21,False
100179,Biology,2025,64.6,Full-time,20,False
100180,Computer Science,2026,56.2,Part-time,25,False
100181,Economics,2024,46.7,Part-time,24,False
100182,Economics,2026,58.2,Full-time,21,True
100183,Computer Science,2026,75.3,Full-time,17,False
100184,Biology,2025,69.3,Full-time,19,False
100185,Economics,2025,55.0,Part-time,26,False
100186,Psychology,2026,69.6,Full-time,20,True
100187,Computer Science,2025,73.4,Full-time,19,False
100188,Computer Science,2025,47.3,Full-time,19,True
100189,Computer Science,2024,60.3,Full-time,19,False
100190,Economics,2025,39.6,Full-time,19,False
100191,Psychology,2024,60.4,Full-time,20,False
100192,Economics,2025,68.8,Full-time,18,True
100193,Economics,2026,81.6,Full-time,19,False
100194,Psychology,2026,59.3,Full-time,21,False
100195,Biology,2024,70.2,Full-time,19,False
100196,Computer Science,2024,75.7,Full-time,21,False
100197,Biology,2024,58.3,Full-time,17,True
100198,Computer Science,2026,74.7,Full-time,17,True
100199,Biology,2025,67.1,Full-time,22,False
100200,Biology,2025,71.0,Full-time,17,False
100201,Computer Science,2024,74.5,Full-time,19,False
100202,Economics,2024,46.3,Full-time,22,False
100203,Computer Science,2026,71.3,Full-time,18,True
100204,Computer Science,2026,85.4,Full-time,21,False
100205,Economics,2024,78.4,Full-time,24,True
100206,Computer Science,2026,61.5,Full-time,18,False
100207,Computer Science,2025,72.9,Full-time,20,True
100208,Psychology,2026,78.0,Full-time,18,True
100209,Economics,2026,56.1,Part-time,26,False
100210,Psychology,2025,48.5,Full-time,19,False
100211,Biology,2025,67.8,Full-time,21,False
100212,Biology,2024,73.6,Full-time,20,False
100213,Psychology,2025,79.4,Full-time,22,True
100214,Economics,2024,78.2,Full-time,20,False
100215,Economics,2026,52.9,Full-time,22,False
100216,Biology,2026,57.6,Full-time,21,False
100217,Biology,2026,60.7,Full-time,20,False
100218,Computer Science,2025,72.9,Part-time,31,True
100219,Computer Science,2026,62.1,Full-time,21,True
100220,Biology,2024,42.8,Full-time,21,False
100221,Psychology,2024,72.1,Full-time,18,False
100222,Biology,2024,67.9,Full-time,20,True
100223,Biology,2025,48.3,Full-time,22,True
100224,Psychology,2025,60.8,Full-time,19,True
100225,Biology,2025,75.3,Full-time,22,False
100226,Computer Science,2025,77.0,Full-time,18,False
100227,Economics,2024,62.7,Full-time,23,True
100228,Psychology,2026,67.4,Full-time,20,True
100229,Computer Science,2024,84.4,Part-time,20,False
100230,Computer Science,2024,80.0,Full-time,23,False
100231,Biology,2025,68.2,Part-time,26,False
100232,Biology,2026,56.8,Full-time,21,False
100233,Biology,2025,60.1,Full-time,19,False
100234,Economics,2025,60.9,Full-time,22,True
100235,Biology,2025,77.7,Full-time,21,False
100236,Biology,2026,81.0,Full-time,18,False
100237,Psychology,2025,63.9,Full-time,17,False
100238,Computer Science,2024,86.1,Full-time,20,False
100239,Biology,2026,56.9,Full-time,18,False
100240,Psychology,2026,76.6,Full-time,22,False
100241,Computer Science,2025,65.4,Part-time,27,False
100242,Computer Science,2025,74.9,Full-time,21,False
100243,Economics,2025,69.4,Full-time,20,False
100244,Computer Science,2025,73.5,Full-time,20,False
100245,Biology,2025,73.0,Full-time,19,False
100246,Biology,2024,72.2,Full-time,18,True
100247,Economics,2026,51.0,Full-time,19,False
100248,Economics,2026,55.7,Full-time,18,False
100249,Computer Science,2025,74.7,Part-time,23,True
100250,Psychology,2026,73.5,Full-time,19,True
100251,Economics,2024,70.6,Full-time,17,False
100252,Computer Science,2026,65.5,Full-time,19,True
100253,Computer Science,2025,58.5,Full-time,20,False
100254,Economics,2024,50.2,Part-time,25,False
100255,Psychology,2026,71.5,Full-time,18,True
100256,Economics,2025,63.1,Full-time,19,False
100257,Computer Science,2025,67.6,Part-time,20,False
100258,Computer Science,2025,75.0,Full-time,22,False
100259,Biology,2024,68.8,Full-time,19,True
100260,Computer Science,2025,72.9,Full-time,20,True
100261,Computer Science,2025,63.7,Full-time,19,True
100262,Biology,2025,64.8,Full-time,17,False
100263,Computer Science,2025,67.9,Full-time,19,True
100264,Computer Science,2024,72.9,Full-time,21,False
100265,Psychology,2025,67.8,Full-time,18,False
100266,Psychology,2024,35.0,Full-time,19,False
100267,Computer Science,2025,78.2,Full-time,22,True
100268,Biology,2024,58.1,Full-time,19,False
100269,Computer Science,2025,81.6,Full-time,22,False
100270,Psychology,2026,81.7,Full-time,20,True
100271,Economics,2025,80.9,Full-time,19,False
100272,Psychology,2024,61.5,Full-time,21,True
100273,Economics,2024,80.9,Full-time,21,False
100274,Psychology,2024,56.1,Full-time,21,False
100275,Economics,2024,73.5,Full-time,18,False
100276,Biology,2025,79.3,Full-time,21,False
100277,Biology,2025,69.1,Full-time,19,True
100278,Biology,2025,56.4,Part-time,21,False
100279,Psychology,2024,35.0,Full-time,17,False
100280,Economics,2025,74.1,Full-time,21,False
100281,Psychology,2024,73.6,Part-time,31,True
100282,Biology,2026,53.0,Part-time,35,False
100283,Biology,2026,68.9,Full-time,17,False
100284,Biology,2024,63.5,Part-time,17,False
100285,Biology,2026,64.7,Full-time,18,False
100286,Economics,2025,72.1,Full-time,17,False
100287,Economics,2025,88.9,Full-time,17,False
100288,Psychology,2025,49.9,Part-time,22,True
100289,Psychology,2025,46.2,Full-time,20,False
100290,Biology,2026,65.4,Full-time,20,False
100291,Biology,2026,53.7,Full-time,21,False
100292,Computer Science,2025,66.2,Full-time,19,False
100293,Economics,2024,50.9,Full-time,19,False
100294,Psychology,2026,69.9,Full-time,20,False
100295,Biology,2026,73.3,Full-time,20,False
100296,Computer Science,2026,66.6,Full-time,18,True
100297,Economics,2024,59.1,Full-time,20,False
100298,Psychology,2025,71.1,Full-time,20,False
100299,Psychology,2025,64.9,Full-time,18,False
100300,Psychology,2026,64.5,Part-time,33,True
100301,Economics,2026,87.5,Full-time,19,True
100302,Computer Science,2026,84.9,Full-time,19,False
100303,Computer Science,2026,60.4,Full-time,19,True
100304,Psychology,2026,67.6,Full-time,17,True
100305,Biology,2024,50.5,Full-time,22,False
100306,Economics,2026,73.8,Full-time,19,True
100307,Psychology,2025,37.0,Full-time,21,True
100308,Economics,2026,65.9,Full-time,18,False
100309,Psychology,2026,54.2,Full-time,18,False
100310,Psychology,2025,80.4,Part-time,32,False
100311,Computer Science,2026,76.4,Full-time,22,False
100312,Biology,2026,98.9,Full-time,19,False
100313,Computer Science,2026,69.0,Full-time,19,False
100314,Computer Science,2024,82.4,Full-time,17,True
100315,Psychology,2026,63.3,Full-time,20,False
100316,Computer Science,2024,69.9,Full-time,20,False
100317,Biology,2024,80.8,Full-time,19,False
100318,Computer Science,2026,56.2,Full-time,20,False
100319,Economics,2026,76.0,Full-time,21,False
100320,Computer Science,2026,67.7,Full-time,21,True
100321,Economics,2025,70.3,Full-time,21,False
100322,Computer Science,2026,45.6,Full-time,22,True
100323,Economics,2026,75.8,Full-time,17,True
100324,Economics,2025,78.8,Full-time,17,True
100325,Computer Science,2026,56.7,Full-time,20,True
100326,Computer Science,2026,67.6,Part-time,28,False
100327,Economics,2025,84.3,Full-time,19,False
100328,Computer Science,2025,67.1,Full-time,20,False
100329,Biology,2025,78.6,Full-time,19,False
100330,Biology,2025,89.6,Full-time,21,False
100331,Computer Science,2024,62.8,Full-time,22,False
100332,Computer Science,2025,60.1,Part-time,23,False
100333,Biology,2025,68.7,Full-time,19,False
100334,Computer Science,2026,60.0,Full-time,17,False
100335,Psychology,2024,80.2,Full-time,18,False
100336,Computer Science,2025,70.9,Part-time,26,False
100337,Economics,2026,54.8,Full-time,21,False
100338,Economics,2026,66.3,Full-time,20,True
100339,Psychology,2024,62.1,Full-time,19,True
100340,Economics,2026,60.3,Full-time,20,False
100341,Biology,2024,69.4,Full-time,17,False
100342,Psychology,2024,76.3,Full-time,22,True
100343,Computer Science,2026,68.3,Part-time,27,False
100344,Biology,2025,66.3,Full-time,21,True
100345,Computer Science,2024,66.3,Full-time,18,False
100346,Biology,2024,77.9,Full-time,19,False
100347,Psychology,2024,60.1,Full-time,20,True
100348,Computer Science,2025,58.8,Full-time,20,False
100349,Psychology,2025,65.8,Full-time,20,False
100350,Computer Science,2026,81.4,Full-time,20,False
100351,Computer Science,2026,75.5,Full-time,21,True
100352,Economics,2025,60.1,Full-time,20,False
100353,Economics,2025,49.7,Full-time,21,False
100354,Psychology,2026,64.1,Full-time,17,False
100355,Biology,2025,68.7,Full-time,17,True
100356,Economics,2026,66.7,Full-time,19,False
100357,Computer Science,2026,66.8,Full-time,19,False
100358,Biology,2026,79.5,Full-time,22,False
100359,Biology,2024,53.1,Full-time,18,False
100360,Biology,2026,68.3,Full-time,20,False
100361,Computer Science,2026,49.4,Full-time,18,False
100362,Biology,2024,65.6,Full-time,20,False
100363,Psychology,2026,76.9,Full-time,17,False
100364,Psychology,2025,54.4,Full-time,19,False
100365,Computer Science,2026,73.5,Full-time,17,False
100366,Computer Science,2026,71.3,Full-time,17,True
100367,Computer Science,2025,90.1,Full-time,19,False
100368,Psychology,2026,73.8,Full-time,20,True
100369,Biology,2024,56.0,Full-time,21,True
100370,Psychology,2025,66.0,Full-time,21,False
100371,Biology,2025,61.8,Full-time,22,True
100372,Computer Science,2024,71.0,Full-time,19,True
100373,Biology,2026,72.9,Full-time,21,False
100374,Biology,2026,71.3,Full-time,19,False
100375,Psychology,2025,56.7,Full-time,23,False
100376,Biology,2025,74.0,Full-time,19,False
100377,Economics,2026,47.0,Full-time,21,False
100378,Economics,2024,65.1,Full-time,18,False
100379,Psychology,2024,68.8,Full-time,21,True
100380,Economics,2026,82.4,Full-time,21,False
100381,Computer Science,2024,60.6,Full-time,17,False
100382,Biology,2025,71.4,Full-time,20,False
100383,Biology,2025,79.2,Full-time,18,False
100384,Computer Science,2024,66.4,Part-time,30,False
100385,Biology,2026,76.7,Full-time,21,False
100386,Economics,2026,52.1,Part-time,30,True
100387,Computer Science,2026,55.4,Full-time,21,False
100388,Economics,2024,58.8,Full-time,21,False
100389,Psychology,2026,61.7,Full-time,19,True
100390,Economics,2024,79.5,Full-time,18,True
100391,Biology,2026,86.0,Full-time,17,False
100392,Psychology,2024,80.0,Full-time,21,False
100393,Economics,2026,86.2,Full-time,22,False
100394,Computer Science,2026,83.8,Full-time,19,False
100395,Computer Science,2026,53.3,Part-time,29,False
100396,Biology,2026,81.1,Full-time,18,True
100397,Biology,2024,54.9,Full-time,21,True
100398,Economics,2025,61.3,Full-time,20,False
100399,Computer Science,2026,69.5,Full-time,19,True
100400,Biology,2025,71.5,Full-time,17,False
100401,Computer Science,2024,53.8,Part-time,24,False
100402,Computer Science,2024,60.5,Full-time,19,True
100403,Biology,2026,50.7,Full-time,18,False
100404,Economics,2026,69.3,Part-time,28,False
100405,Psychology,2024,63.8,Full-time,23,False
100406,Biology,2025,58.8,Full-time,18,False
100407,Computer Science,2026,53.4,Full-time,21,False
100408,Computer Science,2026,66.9,Full-time,20,True
100409,Psychology,2026,58.2,Full-time,19,False
100410,Computer Science,2025,55.7,Full-time,18,False
100411,Economics,2025,68.9,Full-time,19,False
100412,Biology,2024,47.3,Part-time,24,True
100413,Biology,2025,58.4,Part-time,23,True
100414,Biology,2024,66.0,Full-time,21,False
100415,Economics,2025,55.8,Full-time,18,True
100416,Economics,2025,58.3,Full-time,20,False
100417,Biology,2025,69.4,Part-time,26,True
100418,Psychology,2026,69.1,Part-time,29,False
100419,Biology,2026,58.6,Part-time,24,False
100420,Economics,2025,61.6,Full-time,18,False
100421,Biology,2024,60.3,Full-time,20,False
100422,Computer Science,2024,76.8,Full-time,21,False
100423,Economics,2026,50.2,Full-time,18,True
100424,Economics,2024,62.0,Full-time,21,False
100425,Psychology,2026,86.1,Full-time,18,True
100426,Computer Science,2026,63.8,Full-time,18,True
100427,Biology,2024,69.9,Part-time,27,False
100428,Computer Science,2024,66.9,Part-time,29,False
100429,Computer Science,2025,63.8,Full-time,20,False
100430,Psychology,2026,76.4,Part-time,29,False
100431,Economics,2026,54.4,Part-time,18,True
100432,Computer Science,2024,43.2,Full-time,21,True
100433,Computer Science,2025,74.2,Full-time,19,True
100434,Psychology,2024,72.4,Full-time,17,True
100435,Biology,2024,70.4,Full-time,20,False
100436,Biology,2024,55.7,Full-time,19,False
100437,Psychology,2025,70.0,Part-time,28,True
100438,Biology,2025,77.3,Full-time,20,True
100439,Biology,2026,60.2,Full-time,18,True
100440,Economics,2026,49.7,Part-time,20,False
100441,Computer Science,2025,62.1,Full-time,17,False
100442,Economics,2026,69.2,Full-time,23,False
100443,Psychology,2024,83.6,Full-time,17,False
100444,Computer Science,2026,74.1,Part-time,31,False
100445,Computer Science,2024,76.8,Full-time,20,False
100446,Psychology,2026,57.0,Full-time,20,False
100447,Economics,2025,66.1,Full-time,19,False
100448,Economics,2024,59.7,Full-time,18,True
100449,Economics,2024,76.8,Full-time,21,False
100450,Biology,2025,61.6,Full-time,20,False
100451,Psychology,2025,57.4,Full-time,20,False
100452,Economics,2025,44.9,Part-time,32,False
100453,Biology,2026,73.1,Part-time,27,False
100454,Computer Science,2024,60.8,Full-time,18,False
100455,Psychology,2025,60.8,Full-time,18,False
100456,Economics,2026,90.2,Full-time,23,False
100457,Psychology,2026,74.9,Full-time,21,True
100458,Computer Science,2025,79.5,Full-time,18,True
100459,Biology,2026,68.5,Part-time,28,True
100460,Economics,2024,50.6,Full-time,18,False
100461,Economics,2025,72.1,Full-time,18,False
100462,Computer Science,2026,47.3,Full-time,18,False
100463,Computer Science,2025,76.0,Full-time,18,False
100464,Computer Science,2026,65.1,Full-time,20,True
100465,Economics,2024,74.6,Full-time,20,False
100466,Economics,2024,59.7,Part-time,23,True
100467,Computer Science,2026,61.5,Full-time,19,True
100468,Biology,2025,70.9,Full-time,20,False
100469,Computer Science,2026,59.7,Full-time,17,True
100470,Biology,2025,84.9,Full-time,19,False
100471,Economics,2026,66.7,Full-time,17,True
100472,Economics,2024,74.9,Part-time,18,False
100473,Computer Science,2024,62.9,Full-time,19,False
100474,Psychology,2024,62.6,Full-time,18,True
100475,Biology,2026,61.1,Full-time,17,False
100476,Biology,2026,66.6,Full-time,17,False
100477,Psychology,2026,47.9,Full-time,19,False
100478,Biology,2024,71.3,Full-time,20,False
100479,Computer Science,2024,79.8,Full-time,21,False
100480,Biology,2025,67.4,Full-time,18,False
100481,Economics,2024,43.1,Full-time,21,True
100482,Computer Science,2026,76.7,Full-time,18,False
100483,Psychology,2025,70.8,Full-time,17,False
100484,Computer Science,2026,56.8,Full-time,22,True
100485,Biology,2026,43.7,Full-time,20,False
100486,Biology,2024,50.8,Full-time,23,False
100487,Economics,2026,54.2,Full-time,17,True
100488,Computer Science,2025,52.9,Full-time,21,False
100489,Economics,2026,53.6,Part-time,28,True
100490,Economics,2026,70.5,Part-time,29,True
100491,Computer Science,2026,87.4,Full-time,21,False
100492,Biology,2025,48.8,Full-time,20,False
100493,Computer Science,2025,76.1,Full-time,19,True
100494,Computer Science,2025,57.8,Full-time,17,False
100495,Psychology,2025,84.7,Full-time,21,False
100496,Biology,2025,63.7,Full-time,17,False
100497,Economics,2025,71.5,Full-time,19,False
100498,Computer Science,2024,65.0,Part-time,24,False
100499,Biology,2026,49.7,Full-time,22,True
100500,Psychology,2026,86.3,Full-time,20,False
100501,Computer Science,2025,71.0,Full-time,19,True
100502,Economics,2024,66.8,Full-time,17,False
100503,Biology,2025,61.4,Part-time,28,False
100504,Biology,2026,55.3,Full-time,17,False
100505,Psychology,2024,79.1,Full-time,20,False
100506,Computer Science,2026,52.3,Full-time,19,False
100507,Psychology,2025,58.3,Full-time,17,False
100508,Economics,2024,57.3,Full-time,20,True
100509,Computer Science,2024,85.2,Full-time,18,True
100510,Computer Science,2025,65.1,Part-time,24,False
100511,Computer Science,2024,78.6,Full-time,20,False
100512,Biology,2024,65.6,Full-time,21,True
100513,Computer Science,2026,59.5,Full-time,19,True
100514,Economics,2026,68.9,Full-time,22,False
100515,Economics,2026,69.3,Full-time,18,True
100516,Psychology,2026,59.2,Full-time,20,False
100517,Psychology,2026,82.5,Full-time,22,False
100518,Computer Science,2024,62.1,Part-time,29,False
100519,Computer Science,2025,86.7,Full-time,20,True
100520,Psychology,2024,42.1,Full-time,18,True
100521,Biology,2025,60.3,Full-time,19,False
100522,Psychology,2025,50.3,Full-time,17,True
100523,Biology,2025,64.4,Full-time,21,False
100524,Computer Science,2024,67.6,Full-time,17,True
100525,Biology,2025,75.2,Full-time,20,False
100526,Biology,2024,71.5,Part-time,33,True
100527,Biology,2026,78.5,Full-time,19,False
100528,Economics,2025,76.3,Full-time,20,False
100529,Computer Science,2026,71.0,Full-time,19,False
100530,Economics,2026,65.9,Full-time,19,False
100531,Computer Science,2024,60.6,Full-time,21,False
100532,Computer Science,2026,83.8,Full-time,20,True
100533,Economics,2024,73.6,Full-time,20,True
100534,Biology,2024,71.1,Full-time,18,False
100535,Biology,2024,64.6,Full-time,23,False
100536,Computer Science,2025,72.3,Full-time,19,True
100537,Economics,2024,61.8,Full-time,23,True
100538,Computer Science,2025,99.0,Full-time,19,False
100539,Psychology,2026,71.1,Full-time,20,False
100540,Computer Science,2025,64.2,Full-time,19,False
100541,Psychology,2024,72.1,Full-time,20,True
100542,Biology,2025,73.7,Part-time,29,True
100543,Biology,2025,62.1,Full-time,19,False
100544,Computer Science,2024,64.1,Full-time,21,True
100545,Biology,2024,56.6,Part-time,24,False
100546,Economics,2026,54.1,Full-time,18,True
100547,Economics,2024,56.4,Part-time,19,True
100548,Psychology,2025,61.0,Full-time,17,False
100549,Economics,2025,61.0,Full-time,20,False
100550,Psychology,2026,56.9,Part-time,25,True
100551,Economics,2026,67.2,Full-time,21,True
100552,Computer Science,2026,70.8,Full-time,22,False
100553,Psychology,2026,77.2,Part-time,20,False
100554,Economics,2026,65.3,Full-time,21,False
100555,Computer Science,2026,80.4,Full-time,17,False
100556,Psychology,2025,56.3,Part-time,19,False
100557,Biology,2025,52.1,Full-time,23,False
100558,Computer Science,2025,61.8,Part-time,24,True
100559,Economics,2025,74.7,Full-time,21,True
100560,Computer Science,2025,56.8,Full-time,21,False
100561,Computer Science,2026,59.7,Full-time,21,False
100562,Psychology,2026,74.6,Part-time,20,True
100563,Computer Science,2026,80.3,Full-time,20,True
100564,Economics,2026,61.8,Full-time,19,False
100565,Economics,2024,81.1,Part-time,26,False
100566,Computer Science,2024,65.4,Full-time,20,False
100567,Biology,2026,75.7,Part-time,28,False
100568,Computer Science,2025,82.9,Full-time,19,True
100569,Economics,2025,80.2,Part-time,19,False
100570,Computer Science,2026,61.6,Full-time,21,False
100571,Economics,2024,63.6,Full-time,17,False
100572,Psychology,2025,57.8,Full-time,21,True
100573,Computer Science,2024,74.6,Full-time,20,False
100574,Psychology,2025,73.5,Full-time,20,False
100575,Computer Science,2024,77.9,Part-time,33,True
100576,Computer Science,2026,64.6,Full-time,20,False
100577,Biology,2026,44.7,Full-time,18,False
100578,Psychology,2024,54.5,Full-time,22,False
100579,Computer Science,2024,67.8,Full-time,19,True
100580,Biology,2025,77.9,Full-time,18,False
100581,Computer Science,2025,67.2,Full-time,20,True
100582,Psychology,2025,58.9,Full-time,19,False
100583,Economics,2024,65.0,Full-time,17,True
100584,Psychology,2025,57.0,Full-time,18,False
100585,Psychology,2026,46.3,Full-time,22,True
100586,Biology,2025,57.6,Part-time,27,False
100587,Psychology,2025,35.0,Part-time,22,False
100588,Biology,2025,59.5,Part-time,34,False
100589,Psychology,2026,81.3,Full-time,20,False
100590,Economics,2025,45.4,Full-time,19,False
100591,Economics,2024,44.4,Full-time,20,True
100592,Biology,2026,74.7,Full-time,20,False
100593,Computer Science,2024,69.7,Part-time,32,False
100594,Biology,2026,78.8,Part-time,32,True
100595,Computer Science,2026,52.5,Full-time,20,False
100596,Computer Science,2026,70.0,Full-time,20,True
100597,Economics,2026,70.8,Full-time,21,False
100598,Economics,2026,60.5,Full-time,20,False
100599,Economics,2026,77.6,Full-time,18,False
100600,Computer Science,2026,63.5,Full-time,21,False
100601,Psychology,2025,85.0,Full-time,18,False
100602,Psychology,2025,66.6,Full-time,21,False
100603,Computer Science,2026,62.4,Full-time,21,False
100604,Biology,2024,89.4,Full-time,18,True
100605,Computer Science,2024,68.7,Part-time,30,False
100606,Economics,2026,73.0,Full-time,21,True
100607,Biology,2024,79.6,Full-time,19,True
100608,Psychology,2024,43.8,Full-time,21,False
100609,Biology,2025,60.2,Full-time,21,True
100610,Psychology,2024,42.4,Full-time,20,True
100611,Computer Science,2024,49.5,Full-time,19,True
100612,Economics,2025,61.3,Part-time,27,False
100613,Computer Science,2025,68.0,Full-time,20,False
100614,Biology,2025,73.6,Full-time,18,False
100615,Computer Science,2025,63.8,Full-time,22,False
100616,Computer Science,2024,81.4,Part-time,37,False
100617,Computer Science,2026,80.3,Full-time,20,True
100618,Psychology,2024,46.8,Full-time,18,False
100619,Psychology,2025,72.6,Full-time,18,False
100620,Computer Science,2024,92.2,Full-time,19,True
100621,Economics,2026,66.9,Full-time,22,False
100622,Computer Science,2024,49.1,Full-time,19,True
100623,Psychology,2025,54.2,Part-time,35,False
100624,Biology,2024,65.8,Full-time,20,False
100625,Economics,2026,79.9,Full-time,21,True
100626,Biology,2025,43.4,Full-time,20,False
100627,Biology,2024,72.3,Full-time,19,True
100628,Psychology,2026,71.5,Full-time,19,True
100629,Biology,2025,77.9,Full-time,22,True
100630,Biology,2025,60.3,Part-time,33,True
100631,Economics,2026,81.8,Full-time,24,True
100632,Biology,2026,55.7,Full-time,20,False
100633,Economics,2026,75.2,Full-time,20,False
100634,Psychology,2026,75.5,Full-time,20,True
100635,Computer Science,2024,72.6,Full-time,17,True
100636,Computer Science,2024,56.3,Part-time,25,False
100637,Computer Science,2025,65.3,Full-time,20,False
100638,Economics,2025,64.2,Full-time,19,False
100639,Biology,2024,74.3,Full-time,18,False
100640,Biology,2024,61.1,Full-time,17,False
100641,Economics,2025,74.0,Full-time,20,False
100642,Economics,2025,71.2,Full-time,18,True
100643,Computer Science,2026,68.8,Full-time,22,True
100644,Economics,2026,50.8,Full-time,17,False
100645,Computer Science,2026,67.8,Full-time,21,False
100646,Psychology,2024,88.0,Full-time,20,True
100647,Biology,2026,62.1,Full-time,19,False
100648,Psychology,2024,73.8,Full-time,19,False
100649,Computer Science,2024,52.2,Part-time,27,False
100650,Computer Science,2025,67.2,Full-time,19,False
100651,Computer Science,2025,86.7,Full-time,18,True
100652,Economics,2026,65.8,Full-time,20,False
100653,Psychology,2025,57.2,Full-time,20,False
100654,Psychology,2026,66.7,Part-time,27,False
100655,Biology,2024,49.5,Part-time,21,False
100656,Psychology,2026,58.0,Part-time,30,False
100657,Computer Science,2026,80.6,Full-time,20,True
100658,Computer Science,2026,65.9,Full-time,18,False
100659,Biology,2024,59.2,Full-time,20,True
100660,Economics,2026,69.9,Full-time,21,False
100661,Computer Science,2026,73.2,Full-time,21,False
100662,Biology,2024,84.3,Full-time,19,False
100663,Economics,2024,52.9,Full-time,20,False
100664,Psychology,2024,44.1,Full-time,19,False
100665,Biology,2024,88.8,Full-time,20,False
100666,Economics,2024,74.9,Full-time,18,True
100667,Psychology,2025,80.0,Full-time,19,False
100668,Biology,2026,67.7,Full-time,20,True
100669,Biology,2026,69.9,Full-time,17,False
100670,Computer Science,2025,54.7,Full-time,21,False
100671,Computer Science,2025,54.8,Part-time,30,False
100672,Computer Science,2026,68.9,Full-time,20,True
100673,Computer Science,2026,64.1,Full-time,19,False
100674,Computer Science,2025,54.5,Full-time,20,True
100675,Computer Science,2025,65.8,Full-time,20,False
100676,Computer Science,2025,66.3,Full-time,19,True
100677,Economics,2025,61.8,Full-time,21,False
100678,Economics,2024,78.5,Full-time,18,True
100679,Economics,2026,67.2,Full-time,20,False
100680,Psychology,2024,84.1,Full-time,17,False
100681,Computer Science,2026,73.3,Full-time,17,False
100682,Computer Science,2024,61.3,Full-time,22,False
100683,Biology,2024,55.0,Full-time,22,True
100684,Computer Science,2025,63.7,Full-time,22,True
100685,Psychology,2024,74.9,Full-time,20,False
100686,Economics,2025,76.9,Full-time,21,False
100687,Biology,2025,82.0,Full-time,19,False
100688,Psychology,2024,49.3,Full-time,19,False
100689,Computer Science,2025,64.4,Full-time,18,False
100690,Biology,2025,77.3,Full-time,19,False
100691,Biology,2025,48.7,Full-time,20,False
100692,Computer Science,2025,67.7,Full-time,20,False
100693,Biology,2026,73.2,Full-time,19,False
100694,Economics,2024,53.9,Full-time,20,False
100695,Psychology,2024,74.0,Full-time,21,False
100696,Economics,2026,49.4,Full-time,18,True
100697,Psychology,2026,64.7,Full-time,17,True
100698,Computer Science,2024,72.0,Part-time,28,True
100699,Computer Science,2024,82.2,Full-time,20,False
100700,Computer Science,2025,43.0,Part-time,30,False
100701,Computer Science,2024,71.9,Full-time,20,True
100702,Biology,2024,49.4,Full-time,19,True
100703,Computer Science,2025,76.6,Part-time,29,False
100704,Psychology,2026,41.0,Full-time,17,True
100705,Economics,2025,69.3,Full-time,20,False
100706,Psychology,2025,53.8,Full-time,22,True
100707,Psychology,2026,69.5,Full-time,18,False
100708,Psychology,2025,64.7,Full-time,21,False
100709,Computer Science,2024,77.9,Full-time,19,False
100710,Biology,2025,61.6,Full-time,18,True
100711,Psychology,2026,66.2,Full-time,21,True
100712,Economics,2024,62.3,Full-time,19,False
100713,Economics,2026,55.7,Full-time,20,False
100714,Biology,2026,69.4,Full-time,21,False
100715,Computer Science,2026,60.8,Part-time,23,False
100716,Economics,2024,76.7,Full-time,21,False
100717,Computer Science,2026,46.9,Full-time,20,False
100718,Computer Science,2025,53.1,Full-time,17,False
100719,Computer Science,2024,69.5,Full-time,21,False
100720,Psychology,2024,55.7,Full-time,23,True
100721,Biology,2026,67.1,Full-time,19,False
100722,Psychology,2024,73.2,Full-time,18,True
100723,Psychology,2026,56.3,Part-time,22,False
100724,Biology,2025,65.3,Full-time,21,True
100725,Computer Science,2024,66.1,Full-time,19,False
100726,Psychology,2024,41.4,Full-time,20,False
100727,Economics,2025,51.4,Full-time,21,False
100728,Computer Science,2024,95.6,Part-time,34,False
100729,Computer Science,2026,63.0,Full-time,18,False
100730,Computer Science,2024,44.4,Full-time,19,False
100731,Psychology,2024,45.7,Part-time,24,False
100732,Psychology,2025,68.6,Full-time,20,False
100733,Computer Science,2025,64.4,Full-time,20,False
100734,Psychology,2025,54.3,Full-time,20,True
100735,Psychology,2026,66.5,Part-time,27,False
100736,Computer Science,2025,81.9,Full-time,22,False
100737,Psychology,2024,62.8,Part-time,29,False
100738,Computer Science,2026,69.7,Full-time,20,False
100739,Economics,2026,56.8,Part-time,27,False
100740,Computer Science,2026,86.3,Full-time,19,False
100741,Psychology,2025,51.6,Full-time,20,False
100742,Economics,2024,66.0,Full-time,19,False
100743,Biology,2024,52.1,Full-time,18,False
100744,Economics,2024,72.4,Part-time,21,False
100745,Psychology,2024,35.0,Full-time,20,False
100746,Biology,2026,96.3,Full-time,21,False
100747,Economics,2026,61.8,Full-time,17,False
100748,Economics,2024,78.3,Part-time,26,True
100749,Psychology,2026,66.5,Part-time,24,False
100750,Economics,2024,75.4,Full-time,17,False
100751,Psychology,2024,54.2,Part-time,25,False
100752,Psychology,2025,63.1,Full-time,22,True
100753,Computer Science,2026,66.7,Full-time,19,True
100754,Computer Science,2024,60.0,Full-time,20,False
100755,Computer Science,2026,63.9,Full-time,19,False
100756,Computer Science,2024,65.3,Full-time,19,False
100757,Biology,2025,65.2,Full-time,21,True
100758,Psychology,2026,44.1,Full-time,23,True
100759,Economics,2025,67.3,Full-time,19,False
100760,Computer Science,2026,81.2,Full-time,17,False
100761,Economics,2024,64.2,Full-time,19,False
100762,Biology,2024,78.5,Full-time,17,False
100763,Economics,2026,57.4,Full-time,19,False
100764,Computer Science,2026,89.0,Full-time,18,False
100765,Economics,2026,78.0,Full-time,21,True
100766,Computer Science,2025,89.5,Full-time,21,False
100767,Computer Science,2024,50.2,Full-time,22,False
100768,Computer Science,2025,66.3,Full-time,20,True
100769,Computer Science,2026,61.3,Full-time,17,True
100770,Economics,2025,71.9,Full-time,18,False
100771,Biology,2025,84.9,Full-time,18,False
100772,Biology,2025,85.9,Full-time,21,False
100773,Biology,2024,76.6,Part-time,23,False
100774,Psychology,2026,74.1,Full-time,19,False
100775,Psychology,2025,94.1,Full-time,19,True
100776,Economics,2026,72.8,Full-time,18,False
100777,Biology,2025,75.2,Full-time,19,False
100778,Biology,2024,68.4,Full-time,20,True
100779,Biology,2026,66.3,Full-time,17,False
100780,Psychology,2026,49.1,Full-time,18,True
100781,Economics,2025,72.6,Full-time,21,False
100782,Psychology,2025,59.4,Part-time,36,False
100783,Psychology,2026,54.9,Full-time,18,True
100784,Psychology,2024,80.3,Full-time,20,False
100785,Economics,2026,77.0,Full-time,21,False
100786,Economics,2025,67.0,Full-time,20,False
100787,Economics,2026,65.4,Part-time,27,True
100788,Biology,2026,61.2,Full-time,19,False
100789,Biology,2026,64.3,Full-time,20,True
100790,Psychology,2025,59.5,Full-time,18,True
100791,Biology,2026,43.2,Full-time,18,False
100792,Psychology,2025,54.7,Full-time,19,True
100793,Biology,2025,66.6,Full-time,20,False
100794,Economics,2025,70.2,Part-time,24,True
100795,Psychology,2026,66.3,Full-time,20,False
100796,Biology,2024,50.9,Full-time,18,False
100797,Economics,2026,65.5,Full-time,21,False
100798,Computer Science,2024,58.7,Full-time,21,False
100799,Psychology,2026,55.0,Part-time,31,False
100800,Biology,2024,73.5,Full-time,18,True
100801,Psychology,2026,58.1,Full-time,20,True
100802,Psychology,2024,49.7,Full-time,22,False
100803,Psychology,2025,59.0,Full-time,21,False
100804,Psychology,2025,47.8,Part-time,23,False
100805,Economics,2024,57.8,Part-time,21,False
100806,Psychology,2024,61.7,Part-time,28,False
100807,Economics,2026,70.5,Part-time,26,False
100808,Biology,2026,70.7,Full-time,17,True
100809,Biology,2024,63.1,Part-time,22,True
100810,Computer Science,2025,61.8,Full-time,17,True
100811,Computer Science,2024,61.4,Full-time,17,True
100812,Psychology,2024,52.1,Part-time,25,False
100813,Psychology,2026,49.2,Full-time,22,False
100814,Psychology,2026,57.2,Full-time,21,True
100815,Psychology,2024,83.9,Full-time,17,False
100816,Computer Science,2025,57.9,Full-time,21,False
100817,Computer Science,2024,58.0,Full-time,17,False
100818,Computer Science,2026,54.9,Full-time,18,False
100819,Biology,2025,69.7,Full-time,20,False
100820,Biology,2025,71.5,Full-time,18,False
100821,Economics,2025,55.4,Full-time,22,True
100822,Computer Science,2026,64.0,Full-time,17,False
100823,Computer Science,2025,86.7,Full-time,18,False
100824,Biology,2026,66.8,Full-time,18,True
100825,Psychology,2025,63.0,Full-time,19,True
100826,Computer Science,2026,77.8,Full-time,19,False
100827,Computer Science,2024,63.9,Full-time,21,False
100828,Computer Science,2026,74.9,Full-time,21,False
100829,Psychology,2025,61.2,Full-time,20,False
100830,Economics,2025,57.8,Full-time,21,False
100831,Economics,2024,69.6,Full-time,21,True
100832,Economics,2025,62.9,Full-time,20,False
100833,Psychology,2025,72.1,Full-time,20,True
100834,Computer Science,2024,99.0,Full-time,20,False
100835,Psychology,2026,65.9,Full-time,19,True
100836,Economics,2024,80.5,Part-time,27,False
100837,Economics,2025,61.1,Full-time,21,False
100838,Psychology,2025,62.4,Full-time,23,True
100839,Computer Science,2024,71.9,Full-time,19,False
100840,Economics,2025,57.4,Full-time,17,False
100841,Economics,2025,59.4,Full-time,18,False
100842,Economics,2024,68.9,Full-time,20,False
100843,Computer Science,2024,46.2,Full-time,20,False
100844,Biology,2026,58.7,Full-time,17,False
100845,Computer Science,2025,68.3,Full-time,21,False
100846,Biology,2025,75.7,Full-time,20,False
100847,Computer Science,2024,71.9,Full-time,19,False
100848,Computer Science,2025,57.6,Full-time,18,False
100849,Computer Science,2026,69.5,Part-time,24,False
100850,Computer Science,2026,83.8,Full-time,19,True
100851,Psychology,2025,80.6,Full-time,18,True
100852,Computer Science,2025,76.2,Part-time,27,True
100853,Computer Science,2026,72.1,Full-time,20,True
100854,Psychology,2026,58.5,Full-time,21,False
100855,Biology,2025,53.3,Full-time,17,False
100856,Economics,2025,46.4,Full-time,18,True
100857,Computer Science,2024,81.8,Part-time,20,True
100858,Psychology,2026,61.8,Full-time,18,False
100859,Computer Science,2025,65.5,Full-time,19,False
100860,Computer Science,2026,69.8,Full-time,22,True
100861,Computer Science,2026,66.0,Full-time,18,False
100862,Biology,2026,53.9,Full-time,21,False
100863,Computer Science,2025,81.1,Full-time,18,False
100864,Biology,2025,70.8,Part-time,29,False
100865,Computer Science,2026,44.8,Full-time,17,False
100866,Computer Science,2026,87.2,Full-time,19,False
100867,Psychology,2024,69.8,Full-time,21,False
100868,Economics,2024,50.9,Full-time,19,True
100869,Biology,2025,63.9,Full-time,17,False
100870,Computer Science,2026,67.9,Full-time,21,False
100871,Computer Science,2025,61.0,Full-time,20,False
100872,Computer Science,2025,56.3,Part-time,19,True
100873,Computer Science,2026,76.5,Full-time,17,False
100874,Biology,2024,76.7,Full-time,20,False
100875,Computer Science,2025,75.9,Full-time,19,False
100876,Computer Science,2024,69.8,Full-time,20,True
100877,Economics,2024,63.5,Full-time,20,True
100878,Psychology,2025,65.6,Full-time,21,True
100879,Biology,2025,58.3,Full-time,17,False
100880,Economics,2025,63.7,Full-time,21,False
100881,Economics,2025,77.7,Full-time,20,False
100882,Psychology,2025,58.6,Part-time,24,False
100883,Economics,2026,74.8,Full-time,23,True
100884,Economics,2025,54.4,Full-time,21,False
100885,Biology,2026,61.2,Part-time,28,True
100886,Psychology,2025,77.6,Full-time,20,True
100887,Psychology,2025,57.8,Full-time,19,False
100888,Computer Science,2026,75.2,Full-time,20,False
100889,Biology,2025,67.6,Full-time,18,False
100890,Computer Science,2026,66.9,Full-time,20,False
100891,Psychology,2026,68.4,Full-time,17,False
100892,Biology,2026,84.6,Full-time,19,False
100893,Economics,2026,63.0,Full-time,20,True
100894,Economics,2026,55.3,Part-time,19,False
100895,Economics,2026,57.7,Full-time,18,True
100896,Computer Science,2025,74.3,Full-time,19,False
100897,Computer Science,2025,76.1,Full-time,19,False
100898,Biology,2026,77.4,Full-time,20,False
100899,Economics,2025,64.1,Full-time,21,False
100900,Computer Science,2024,73.8,Full-time,19,False
100901,Psychology,2024,52.5,Full-time,18,False
100902,Computer Science,2024,75.2,Full-time,19,False
100903,Psychology,2025,75.1,Full-time,21,False
100904,Biology,2024,62.0,Full-time,18,True
100905,Economics,2024,63.3,Full-time,21,False
100906,Computer Science,2025,49.9,Full-time,22,False
100907,Psychology,2026,61.4,Full-time,17,True
100908,Biology,2024,67.3,Full-time,20,False
100909,Computer Science,2024,78.3,Full-time,23,True
100910,Biology,2026,85.6,Full-time,21,False
100911,Economics,2024,67.7,Full-time,19,False
100912,Psychology,2024,60.8,Full-time,20,False
100913,Psychology,2024,75.0,Full-time,17,False
100914,Psychology,2024,60.9,Full-time,20,True
100915,Computer Science,2024,69.6,Full-time,21,False
100916,Computer Science,2026,51.2,Full-time,20,False
100917,Psychology,2025,59.7,Full-time,17,False
100918,Biology,2024,76.8,Full-time,20,False
100919,Psychology,2026,66.4,Full-time,22,True
100920,Biology,2025,57.7,Part-time,29,False
100921,Economics,2024,55.2,Full-time,21,False
100922,Economics,2025,58.3,Full-time,18,False
100923,Biology,2025,73.8,Full-time,19,True
100924,Psychology,2025,71.3,Full-time,20,False
100925,Economics,2025,58.0,Full-time,24,False
100926,Biology,2026,55.1,Part-time,20,False
100927,Biology,2026,56.9,Full-time,20,False
100928,Computer Science,2025,53.0,Full-time,17,False
100929,Computer Science,2025,63.2,Full-time,17,True
100930,Economics,2024,44.0,Full-time,22,True
100931,Computer Science,2025,79.9,Part-time,26,False
100932,Biology,2025,77.0,Full-time,18,True
100933,Psychology,2025,75.4,Full-time,18,True
100934,Computer Science,2024,67.7,Full-time,18,False
100935,Biology,2025,69.0,Full-time,22,False
100936,Psychology,2026,64.5,Full-time,20,False
100937,Economics,2026,65.9,Full-time,19,False
100938,Computer Science,2025,58.8,Full-time,17,False
100939,Economics,2025,61.3,Full-time,19,False
100940,Computer Science,2026,67.1,Full-time,19,True
100941,Computer Science,2026,51.8,Full-time,18,False
100942,Psychology,2025,54.6,Full-time,19,False
100943,Economics,2024,61.5,Full-time,20,False
100944,Biology,2025,55.6,Full-time,21,True
100945,Psychology,2026,78.4,Part-time,25,False
100946,Economics,2024,65.1,Full-time,21,True
100947,Computer Science,2025,79.4,Full-time,17,False
100948,Computer Science,2026,62.8,Full-time,18,True
100949,Biology,2026,88.7,Full-time,20,True
100950,Computer Science,2026,71.2,Full-time,20,False
100951,Computer Science,2026,37.1,Full-time,19,True
100952,Biology,2026,87.5,Full-time,20,False
100953,Psychology,2025,72.0,Full-time,22,False
100954,Biology,2024,81.6,Full-time,22,False
100955,Biology,2026,74.0,Full-time,19,False
100956,Biology,2024,82.5,Full-time,18,False
100957,Psychology,2026,48.9,Full-time,20,True
100958,Economics,2026,68.4,Part-time,21,False
100959,Economics,2025,56.4,Full-time,20,False
100960,Computer Science,2025,61.4,Full-time,18,False
100961,Economics,2025,74.7,Full-time,18,False
100962,Psychology,2024,79.2,Part-time,29,True
100963,Computer Science,2026,72.2,Full-time,18,True
100964,Computer Science,2026,76.1,Full-time,19,True
100965,Computer Science,2025,64.8,Full-time,21,True
100966,Computer Science,2024,60.8,Full-time,21,False
100967,Psychology,2026,39.1,Full-time,19,False
100968,Economics,2025,79.2,Full-time,22,False
100969,Computer Science,2025,75.2,Full-time,18,False
100970,Economics,2025,59.9,Full-time,22,False
100971,Biology,2025,47.8,Part-time,29,True
100972,Economics,2025,50.6,Full-time,20,False
100973,Computer Science,2025,48.9,Full-time,18,False
100974,Psychology,2024,63.3,Full-time,22,False
100975,Economics,2024,49.3,Full-time,21,False
100976,Psychology,2026,86.4,Full-time,20,True
100977,Biology,2025,77.0,Full-time,19,False
100978,Computer Science,2026,77.7,Full-time,18,False
100979,Economics,2026,66.3,Full-time,19,False
100980,Computer Science,2024,71.4,Full-time,19,True
100981,Economics,2024,60.2,Full-time,22,False
100982,Computer Science,2024,59.6,Full-time,20,False
100983,Economics,2026,60.3,Full-time,22,False
100984,Psychology,2026,78.9,Full-time,18,False
100985,Psychology,2026,73.0,Full-time,21,False
100986,Computer Science,2026,76.4,Full-time,20,False
100987,Psychology,2025,47.9,Full-time,19,True
100988,Biology,2026,53.3,Full-time,19,True
100989,Psychology,2025,72.2,Full-time,18,False
100990,Psychology,2026,57.4,Full-time,20,False
100991,Economics,2025,45.6,Full-time,18,False
100992,Biology,2025,64.9,Part-time,22,True
100993,Psychology,2025,66.8,Full-time,20,False
100994,Economics,2024,67.1,Full-time,18,False
100995,Computer Science,2025,65.8,Full-time,22,False
100996,Biology,2025,58.2,Full-time,17,False
100997,Biology,2026,71.2,Full-time,20,False
100998,Computer Science,2024,79.2,Part-time,29,False
100999,Economics,2026,53.2,Full-time,20,False
101000,Economics,2025,61.6,Full-time,19,False
101001,Biology,2025,50.1,Part-time,28,False
101002,Biology,2026,74.8,Full-time,20,False
101003,Economics,2025,73.0,Full-time,18,True
101004,Computer Science,2026,69.2,Full-time,19,True
101005,Economics,2025,62.7,Full-time,19,False
101006,Economics,2026,54.5,Part-time,31,True
101007,Psychology,2025,63.6,Full-time,20,False
101008,Psychology,2026,69.6,Full-time,18,True
101009,Computer Science,2024,70.7,Part-time,31,True
101010,Biology,2026,56.5,Part-time,30,False
101011,Psychology,2026,73.8,Full-time,18,True
101012,Psychology,2026,63.8,Full-time,17,True
101013,Computer Science,2025,75.2,Full-time,21,False
101014,Biology,2025,68.5,Full-time,22,False
101015,Biology,2026,66.1,Part-time,30,False
101016,Biology,2024,73.8,Full-time,20,True
101017,Biology,2025,61.7,Full-time,21,False
101018,Psychology,2025,63.6,Full-time,17,True
101019,Psychology,2024,66.2,Full-time,20,False
101020,Biology,2026,60.7,Full-time,20,True
101021,Biology,2025,60.5,Full-time,18,False
101022,Biology,2026,53.5,Part-time,25,False
101023,Economics,2025,48.2,Full-time,19,False
101024,Psychology,2025,51.2,Full-time,19,False
101025,Computer Science,2024,75.8,Full-time,20,False
101026,Biology,2024,78.1,Full-time,18,False
101027,Psychology,2026,61.7,Full-time,21,False
101028,Computer Science,2026,76.3,Full-time,20,False
101029,Biology,2025,76.1,Full-time,22,False
101030,Economics,2026,76.5,Full-time,18,False
101031,Computer Science,2026,73.5,Full-time,17,False
101032,Economics,2025,69.9,Full-time,19,True
101033,Psychology,2026,53.8,Full-time,20,True
101034,Psychology,2026,55.1,Full-time,19,False
101035,Biology,2024,84.4,Full-time,22,False
101036,Psychology,2026,87.7,Full-time,17,False
101037,Psychology,2025,81.4,Full-time,18,False
101038,Biology,2025,61.2,Full-time,18,False
101039,Biology,2026,69.5,Full-time,21,False
101040,Computer Science,2024,45.8,Full-time,20,True
101041,Psychology,2024,78.0,Full-time,19,False
101042,Economics,2024,84.7,Full-time,21,False
101043,Biology,2025,72.0,Full-time,20,True
101044,Biology,2026,81.3,Full-time,21,False
101045,Computer Science,2026,56.0,Full-time,17,False
101046,Psychology,2024,53.1,Full-time,19,True
101047,Computer Science,2026,79.1,Part-time,27,True
101048,Psychology,2024,62.8,Full-time,21,True
101049,Computer Science,2026,59.3,Full-time,18,False
101050,Biology,2026,75.3,Full-time,21,True
101051,Computer Science,2026,66.3,Full-time,19,False
101052,Economics,2026,60.6,Full-time,20,False
101053,Economics,2026,72.2,Part-time,27,False
101054,Computer Science,2025,63.3,Full-time,21,True
101055,Economics,2024,67.4,Full-time,19,False
101056,Computer Science,2024,61.1,Full-time,21,False
101057,Economics,2026,56.4,Full-time,24,False
101058,Biology,2026,59.7,Full-time,19,False
101059,Biology,2025,61.2,Full-time,17,False
101060,Economics,2024,64.3,Part-time,20,True
101061,Biology,2024,36.7,Part-time,33,False
101062,Biology,2025,83.3,Full-time,17,False
101063,Economics,2025,51.9,Full-time,19,False
101064,Computer Science,2024,65.3,Full-time,22,False
101065,Computer Science,2025,68.4,Full-time,21,True
101066,Biology,2026,52.5,Part-time,26,False
101067,Computer Science,2026,81.4,Full-time,19,False
101068,Psychology,2024,57.2,Full-time,22,True
101069,Economics,2026,60.4,Full-time,23,False
101070,Biology,2026,58.3,Full-time,19,False
101071,Computer Science,2025,55.2,Part-time,26,True
101072,Biology,2026,70.7,Full-time,20,False
101073,Economics,2025,57.0,Full-time,21,False
101074,Computer Science,2024,59.0,Full-time,18,False
101075,Economics,2026,63.2,Full-time,20,True
101076,Biology,2025,72.5,Part-time,21,True
101077,Biology,2026,65.9,Full-time,21,False
101078,Psychology,2025,69.3,Part-time,21,True
101079,Computer Science,2025,81.0,Full-time,19,False
101080,Biology,2025,65.1,Full-time,19,False
101081,Computer Science,2025,63.4,Full-time,20,False
101082,Economics,2025,86.3,Full-time,20,False
101083,Computer Science,2024,91.0,Part-time,24,True
101084,Economics,2026,69.6,Full-time,20,False
101085,Computer Science,2024,57.8,Part-time,33,True
101086,Economics,2025,48.3,Full-time,22,True
101087,Psychology,2025,56.6,Part-time,27,True
101088,Economics,2024,73.6,Full-time,20,False
101089,Psychology,2026,64.4,Full-time,18,False
101090,Biology,2024,61.0,Full-time,22,False
101091,Computer Science,2025,86.3,Full-time,21,False
101092,Economics,2024,59.3,Full-time,21,True
101093,Computer Science,2024,50.6,Full-time,22,True
101094,Psychology,2025,60.3,Full-time,22,False
101095,Computer Science,2024,60.7,Full-time,21,False
101096,Psychology,2026,47.4,Full-time,20,False
101097,Computer Science,2024,64.5,Full-time,18,False
101098,Biology,2025,76.5,Full-time,18,True
101099,Economics,2024,63.3,Full-time,21,False
101100,Economics,2026,63.6,Full-time,20,False
101101,Psychology,2024,57.7,Full-time,23,True
101102,Computer Science,2024,85.6,Full-time,20,False
101103,Psychology,2025,82.8,Full-time,22,False
101104,Economics,2025,53.5,Full-time,18,False
101105,Computer Science,2025,82.9,Full-time,21,False
101106,Biology,2025,75.2,Full-time,18,True
101107,Psychology,2025,76.1,Full-time,19,False
101108,Psychology,2024,82.1,Full-time,22,True
101109,Economics,2025,59.3,Full-time,21,True
101110,Biology,2025,60.7,Full-time,19,False
101111,Computer Science,2024,74.4,Full-time,19,False
101112,Biology,2026,46.1,Full-time,21,False
101113,Biology,2025,75.3,Full-time,22,False
101114,Biology,2026,74.9,Full-time,20,True
101115,Computer Science,2024,71.2,Full-time,20,False
101116,Computer Science,2025,72.0,Full-time,18,True
101117,Computer Science,2026,57.9,Part-time,35,False
101118,Computer Science,2025,51.2,Full-time,22,False
101119,Biology,2025,59.9,Full-time,19,False
101120,Computer Science,2026,51.6,Part-time,21,False
101121,Psychology,2025,52.6,Full-time,20,False
101122,Biology,2026,60.1,Full-time,20,True
101123,Psychology,2024,58.7,Part-time,30,True
101124,Biology,2025,86.5,Full-time,20,False
101125,Biology,2026,74.3,Full-time,20,False
101126,Psychology,2025,83.9,Full-time,19,False
101127,Psychology,2026,73.4,Part-time,30,False
101128,Psychology,2025,62.4,Full-time,20,False
101129,Computer Science,2024,65.9,Full-time,18,False
101130,Computer Science,2025,54.6,Full-time,19,True
101131,Economics,2026,63.3,Full-time,20,True
101132,Economics,2026,61.3,Full-time,19,False
101133,Computer Science,2024,64.6,Full-time,18,False
101134,Biology,2024,62.4,Full-time,21,False
101135,Economics,2025,46.6,Full-time,20,False
101136,Biology,2026,56.1,Full-time,22,False
101137,Biology,2026,64.8,Full-time,20,False
101138,Computer Science,2026,62.6,Full-time,22,False
101139,Economics,2025,52.4,Full-time,18,False
101140,Computer Science,2025,50.0,Full-time,19,False
101141,Computer Science,2024,65.1,Full-time,19,False
101142,Computer Science,2026,64.9,Part-time,23,True
101143,Computer Science,2026,66.2,Full-time,21,True
101144,Computer Science,2024,74.3,Full-time,19,False
101145,Economics,2025,73.0,Full-time,20,False
101146,Psychology,2025,61.9,Full-time,17,True
101147,Psychology,2025,61.3,Full-time,20,True
101148,Economics,2026,80.7,Full-time,21,False
101149,Computer Science,2026,74.2,Full-time,20,False
101150,Computer Science,2025,74.5,Full-time,21,True
101151,Psychology,2024,51.5,Full-time,21,False
101152,Computer Science,2026,73.3,Part-time,25,False
101153,Biology,2025,67.3,Full-time,21,False
101154,Computer Science,2026,77.9,Part-time,17,True
101155,Biology,2024,59.3,Full-time,20,False
101156,Biology,2026,72.0,Full-time,19,True
101157,Psychology,2026,55.7,Full-time,19,False
101158,Biology,2025,73.1,Full-time,19,True
101159,Economics,2026,69.7,Full-time,19,False
101160,Economics,2026,51.4,Full-time,21,False
101161,Computer Science,2024,68.5,Part-time,30,False
101162,Economics,2025,47.8,Part-time,21,False
101163,Biology,2024,68.5,Full-time,17,False
101164,Biology,2026,78.7,Part-time,34,True
101165,Biology,2026,54.5,Full-time,17,False
101166,Computer Science,2024,57.6,Full-time,19,False
101167,Computer Science,2024,69.9,Full-time,19,False
101168,Biology,2024,44.9,Full-time,20,False
101169,Economics,2026,56.3,Full-time,19,False
101170,Economics,2025,61.7,Full-time,21,False
101171,Biology,2026,77.6,Full-time,21,False
101172,Economics,2024,65.1,Full-time,21,False
101173,Psychology,2026,72.6,Full-time,20,False
101174,Economics,2024,71.2,Full-time,18,False
101175,Psychology,2026,47.7,Full-time,18,False
101176,Economics,2024,58.5,Full-time,22,False
101177,Economics,2026,64.1,Full-time,20,False
101178,Psychology,2025,58.2,Full-time,19,True
101179,Biology,2026,69.7,Full-time,23,True
101180,Economics,2026,71.0,Full-time,20,True
101181,Psychology,2025,61.3,Full-time,18,False
101182,Biology,2026,65.0,Full-time,19,True
101183,Computer Science,2025,70.8,Full-time,19,False
101184,Computer Science,2025,59.1,Full-time,23,False
101185,Economics,2025,69.9,Full-time,18,False
101186,Economics,2026,65.6,Full-time,19,True
101187,Psychology,2025,67.5,Full-time,23,False
101188,Economics,2025,69.4,Full-time,18,False
101189,Biology,2025,60.5,Full-time,21,False
101190,Biology,2024,66.3,Full-time,19,False
101191,Computer Science,2025,76.1,Full-time,20,False
101192,Computer Science,2025,66.5,Full-time,19,False
101193,Computer Science,2026,77.8,Full-time,18,True
101194,Biology,2024,75.0,Full-time,21,False
101195,Economics,2024,73.6,Full-time,20,True
101196,Computer Science,2025,35.0,Full-time,19,False
101197,Biology,2025,65.1,Full-time,17,True
101198,Computer Science,2025,60.4,Full-time,18,False
101199,Biology,2026,60.1,Part-time,33,False
101200,Psychology,2025,53.9,Full-time,21,True
